CellPrime,recombinant Trypsin (Liquid),1063020050,50 ML
CellPrime,recombinant Trypsin (Liquid),1063020002,1  ML
CellPrime,recombinant Trypsin (Liquid),1063020200,200 ML
Methanol,ACS reagent, ≥99.8%,179337-6X500ML,6 X 500 ML
Methanol,ACS reagent, ≥99.8%,179337DS-270GA,None
Methanol,ACS reagent, ≥99.8%,179337-20L,20 L
Methanol,ACS reagent, ≥99.8%,179337-2.5L,2.5 L
Methanol,ACS reagent, ≥99.8%,179337-18L-CS,18 L
Methanol,ACS reagent, ≥99.8%,179337-4L,4 L
Methanol,ACS reagent, ≥99.8%,179337-200L-LSNBOR,200 L
Methanol,ACS reagent, ≥99.8%,179337-6X1L,6 X 1 L
Methanol,ACS reagent, ≥99.8%,179337-1L,1 L
Methanol,ACS reagent, ≥99.8%,179337-500ML,500 ML
Methanol,ACS reagent, ≥99.8%,179337-200L,200 L
Methanol,ACS reagent, ≥99.8%,179337-6X500ML,6 X 500 ML
Methanol,ACS reagent, ≥99.8%,179337DS-270GA,None
Methanol,ACS reagent, ≥99.8%,179337-20L,20 L
Methanol,ACS reagent, ≥99.8%,179337-2.5L,2.5 L
Methanol,ACS reagent, ≥99.8%,179337-18L-CS,18 L
Methanol,ACS reagent, ≥99.8%,179337-4L,4 L
Methanol,ACS reagent, ≥99.8%,179337-200L-LSNBOR,200 L
Methanol,ACS reagent, ≥99.8%,179337-6X1L,6 X 1 L
Methanol,ACS reagent, ≥99.8%,179337-1L,1 L
Methanol,ACS reagent, ≥99.8%,179337-500ML,500 ML
Methanol,ACS reagent, ≥99.8%,179337-200L,200 L
